Token,Tag
الاكتئاب,B-DISORDER
و,O
اضطراب,B-DISORDER
اختلال,I-DISORDER
المزاج,I-DISORDER
عند,O
الاطفال,O
و,O
المراهقين,O
الشعور,O
ب,O
الحزن,B-SYMPTOM
او,O
الهيجان,B-SYMPTOM
عدم,B-SYMPTOM
الاهتمام,I-SYMPTOM
ب,I-SYMPTOM
النشاطات,I-SYMPTOM
المفضلة,I-SYMPTOM
الابتعاد,B-SYMPTOM
عن,I-SYMPTOM
الاصدقاء,I-SYMPTOM
و,I-SYMPTOM
المواقف,I-SYMPTOM
الاجتماعية,I-SYMPTOM
عدم,B-SYMPTOM
القدرة,I-SYMPTOM
علي,I-SYMPTOM
الاستمتاع,I-SYMPTOM
ب,O
الاشياء,O
الشعور,B-SYMPTOM
ب,I-SYMPTOM
الرفض,I-SYMPTOM
و,O
كونهم,O
غير,O
محبوبين,O
او,O
عديمي,O
القيمة,O
الشعور,O
ب,O
التعب,B-SYMPTOM
او,O
ب,O
عدم,B-SYMPTOM
امتلاك,I-SYMPTOM
اية,I-SYMPTOM
طاقة,I-SYMPTOM
عدم,B-SYMPTOM
النوم,I-SYMPTOM
ب,I-SYMPTOM
شكل,I-SYMPTOM
جيد,I-SYMPTOM
و,O
التعرض,B-SYMPTOM
الي,I-SYMPTOM
الكوابيس,I-SYMPTOM
او,O
النوم,B-SYMPTOM
لفترة,I-SYMPTOM
طويلة,I-SYMPTOM
جدا,O
القاء,B-SYMPTOM
اللوم,I-SYMPTOM
علي,I-SYMPTOM
الذات,I-SYMPTOM
نقص,B-SYMPTOM
الشهية,I-SYMPTOM
و,I-SYMPTOM
الوزن,I-SYMPTOM
مشاكل,B-SYMPTOM
في,I-SYMPTOM
التفكير,I-SYMPTOM
و,I-SYMPTOM
التركيز,I-SYMPTOM
و,O
القيام,O
ب,O
الاختيارات,O
التفكير,B-SYMPTOM
في,I-SYMPTOM
الموت,I-SYMPTOM
او,I-SYMPTOM
الانتحار,I-SYMPTOM
التخلي,B-SYMPTOM
عن,I-SYMPTOM
ممتلكات,I-SYMPTOM
قيمة,I-SYMPTOM
الشكوي,O
من,O
اعراض,B-SYMPTOM
بدنية,I-SYMPTOM
جديدة,I-SYMPTOM
ضعف,B-SYMPTOM
الاداء,I-SYMPTOM
المدرسي,I-SYMPTOM
العلاج,B-TREATMENT
النفسي,I-TREATMENT
و,I-TREATMENT
مضادات,I-TREATMENT
الاكتئاب,I-TREATMENT
ب,O
النسبة,O
الي,O
معظم,O
المراهقين,O
ب,O
النسبة,O
الي,O
الاطفال,O
الاصغر,O
سنا,O
العلاج,B-TREATMENT
النفسي,I-TREATMENT
يتبعه,O
استخدام,O
مضادات,B-TREATMENT
الاكتئاب,I-TREATMENT
عند,O
الحاجة,O
ارشادات,O
لافراد,O
العائلة,O
و,O
موظفي,O
المدرسة,O
اضطراب,B-DISORDER
القلق,I-DISORDER
المعمم,I-DISORDER
عند,O
الاطفال,O
القلق,B-SYMPTOM
المستمر,I-SYMPTOM
ب,O
شان,O
العديد,O
من,O
الاشياء,O
و,O
النشاطات,O
صعوبة,B-SYMPTOM
في,I-SYMPTOM
ضبط,I-SYMPTOM
الهموم,I-SYMPTOM
و,O
تفاقم,O
الشدة,O
صعوبة,B-SYMPTOM
في,I-SYMPTOM
الانتباه,I-SYMPTOM
فرط,B-SYMPTOM
في,I-SYMPTOM
النشاط,I-SYMPTOM
و,O
تململ,B-SYMPTOM
تهيج,I-SYMPTOM
عصبية,B-SYMPTOM
و,O
توتر,B-SYMPTOM
مشاكل,I-SYMPTOM
في,I-SYMPTOM
النوم,I-SYMPTOM
تعرق,B-SYMPTOM
مفرط,I-SYMPTOM
و,O
شعور,O
ب,O
الارهاق,B-SYMPTOM
اعراض,B-SYMPTOM
جسدية,I-SYMPTOM
مثل,O
الم,B-SYMPTOM
المعدة,I-SYMPTOM
و,O
الام,B-SYMPTOM
العضلات,I-SYMPTOM
و,O
الصداع,B-SYMPTOM
التدريب,B-TREATMENT
علي,I-TREATMENT
الاسترخاء,I-TREATMENT
الادوية,B-TREATMENT
في,O
بعض,O
الاحيان,O
الاضطراب,B-DISORDER
ثنائي,I-DISORDER
القطب,I-DISORDER
اعراض,B-SYMPTOM
الاكتئاب,I-SYMPTOM
الشعور,O
ب,O
الحزن,B-SYMPTOM
الشديد,O
قلة,B-SYMPTOM
الاهتمام,I-SYMPTOM
التفكير,B-SYMPTOM
البطيء,I-SYMPTOM
النوم,B-SYMPTOM
المفرط,I-SYMPTOM
روية,B-SYMPTOM
اشياء,I-SYMPTOM
غير,I-SYMPTOM
حقيقية,I-SYMPTOM
اعراض,B-SYMPTOM
الهوس,I-SYMPTOM
ثقة,B-SYMPTOM
مفرطة,I-SYMPTOM
طاقة,B-SYMPTOM
عالية,I-SYMPTOM
تهيج,B-SYMPTOM
نوم,B-SYMPTOM
اقل,I-SYMPTOM
زيادة,B-SYMPTOM
الكلام,I-SYMPTOM
المشاركة,O
في,O
انشطة,O
خطرة,O
وصف,O
الادوية,B-TREATMENT
مثل,O
الليثيوم,B-TREATMENT
او,O
فالبروات,B-TREATMENT
المشورة,O
الجماعية,O
او,O
الفردية,O
العلاج,B-TREATMENT
النفسي,I-TREATMENT
العلاج,I-TREATMENT
ب,I-TREATMENT
التخليج,I-TREATMENT
الكهربي,I-TREATMENT
عند,O
الحاجة,O
ايذاء,B-DISORDER
النفس,I-DISORDER
غير,I-DISORDER
الانتحاري,I-DISORDER
عند,O
الاطفال,O
و,O
المراهقين,O
التسبب,O
ب,O
الضرر,B-SYMPTOM
للذات,I-SYMPTOM
في,O
كثير,O
من,O
الاحيان,O
استخدام,O
طرائق,O
عديدة,O
للتسبب,O
ب,O
الضرر,B-SYMPTOM
للذات,I-SYMPTOM
الشعور,B-SYMPTOM
ب,I-SYMPTOM
ضعف,I-SYMPTOM
الارتباط,I-SYMPTOM
الاجتماعي,I-SYMPTOM
مع,O
الاخرين,O
خصوصا,O
الاباء,O
الشعور,B-SYMPTOM
ب,I-SYMPTOM
تفاهة,I-SYMPTOM
الحياة,I-SYMPTOM
او,O
ان,O
ليس,O
لها,O
معني,O
التماس,O
رعاية,O
الصحة,O
النفسية,O
في,O
كثير,O
من,O
الاحيان,O
وجود,O
افكار,B-SYMPTOM
انتحارية,I-SYMPTOM
العلاج,B-TREATMENT
الفردي,I-TREATMENT
و,I-TREATMENT
احيانا,I-TREATMENT
الجماعي,I-TREATMENT
تعليم,O
ادراك,O
العواطف,O
و,O
تقبل,O
العواطف,O
السلبية,O
كجزء,O
من,O
الحياة,O
تطوير,O
استجابات,O
اكثر,O
ملاءمة,O
للشدة,O
و,O
مقاومة,B-TREATMENT
سلوكيات,I-TREATMENT
ايذاء,I-TREATMENT
الذات,I-TREATMENT
رهاب,B-DISORDER
الميادين,I-DISORDER
عند,O
الاطفال,O
و,O
المراهقين,O
خوف,B-SYMPTOM
استخدام,I-SYMPTOM
وسائل,I-SYMPTOM
النقل,I-SYMPTOM
العام,I-SYMPTOM
خوف,B-SYMPTOM
التواجد,I-SYMPTOM
في,I-SYMPTOM
الاماكن,I-SYMPTOM
المكشوفة,I-SYMPTOM
خوف,B-SYMPTOM
التواجد,I-SYMPTOM
في,I-SYMPTOM
اماكن,I-SYMPTOM
عامة,I-SYMPTOM
مغلقة,I-SYMPTOM
مثل,O
المتاجر,O
او,O
دور,O
العرض,O
خوف,B-SYMPTOM
الوقوف,I-SYMPTOM
في,I-SYMPTOM
صف,I-SYMPTOM
او,I-SYMPTOM
التواجد,I-SYMPTOM
ضمن,I-SYMPTOM
حشد,I-SYMPTOM
خوف,B-SYMPTOM
التواجد,I-SYMPTOM
خارج,I-SYMPTOM
المنزل,I-SYMPTOM
علي,I-SYMPTOM
انفراد,I-SYMPTOM
العلاج,B-TREATMENT
السلوكي,I-TREATMENT
كنهج,O
فعال,O
لتخفيف,O
الاعراض,O
التدريب,O
علي,O
مواجهة,O
المواقف,O
المخيفة,O
تدريجيا,O
اضطراب,B-DISORDER
التصرف,I-DISORDER
يتصرفون,B-SYMPTOM
ب,I-SYMPTOM
انانية,I-SYMPTOM
و,O
لا,B-SYMPTOM
يهتمون,I-SYMPTOM
ب,I-SYMPTOM
مشاعر,I-SYMPTOM
الاخرين,I-SYMPTOM
يكذبون,B-SYMPTOM
و,O
يغشون,B-SYMPTOM
و,O
يسرقون,B-SYMPTOM
يتعاطون,B-SYMPTOM
عقاقير,I-SYMPTOM
غير,I-SYMPTOM
مشروعة,I-SYMPTOM
يتنمرون,B-SYMPTOM
او,O
يهددون,B-SYMPTOM
الاخرين,I-SYMPTOM
و,I-SYMPTOM
يدخلون,I-SYMPTOM
في,I-SYMPTOM
شجارات,I-SYMPTOM
يعاملون,B-SYMPTOM
الحيوانات,I-SYMPTOM
ب,I-SYMPTOM
قسوة,I-SYMPTOM
يفترضون,O
ان,O
الاخرين,O
يهددونهم,O
و,O
يصبحون,O
عدوانيين,B-SYMPTOM
يهربون,B-SYMPTOM
من,I-SYMPTOM
المنزل,I-SYMPTOM
و,I-SYMPTOM
يتغيبون,I-SYMPTOM
عن,I-SYMPTOM
المدرسة,I-SYMPTOM
يخربون,B-SYMPTOM
الممتلكات,I-SYMPTOM
خصوصا,O
عن,O
طريق,O
اشعال,B-SYMPTOM
الحرائق,I-SYMPTOM
لا,O
يكون,O
لديهم,O
احساس,O
لائق,O
ب,O
الذنب,O
نقل,O
الاطفال,O
من,O
بيئتهم,O
الخطرة,O
الي,O
محيط,O
منظم,O
المعالجة,B-TREATMENT
النفسية,I-TREATMENT
لتعزيز,O
السلوكيات,O
الايجابية,O
اضطراب,B-DISORDER
المعارض,I-DISORDER
المتحدي,I-DISORDER
الجدال,B-SYMPTOM
مع,I-SYMPTOM
البالغين,I-SYMPTOM
يستشيطون,B-SYMPTOM
غضبا,I-SYMPTOM
ب,I-SYMPTOM
سهولة,I-SYMPTOM
و,O
لمرات,O
عديدة,O
يتجاهلون,B-SYMPTOM
القواعد,I-SYMPTOM
و,O
التعليمات,O
يزعجون,B-SYMPTOM
الاشخاص,I-SYMPTOM
عن,I-SYMPTOM
قصد,I-SYMPTOM
يلقون,B-SYMPTOM
اللوم,I-SYMPTOM
علي,I-SYMPTOM
الاخرين,I-SYMPTOM
لاخطاء,O
هم,O
من,O
ارتكبها,O
يبدوون,O
غاضبين,B-SYMPTOM
و,O
مستائين,B-SYMPTOM
يتضايق,B-SYMPTOM
ب,I-SYMPTOM
سهولة,I-SYMPTOM
ليس,O
لديهم,O
مهارات,O
اجتماعية,O
جيدة,O
طرائق,B-TREATMENT
تدبير,I-TREATMENT
السلوك,I-TREATMENT
ربما,O
العلاج,B-TREATMENT
الجماعي,I-TREATMENT
السلوك,B-DISORDER
الانتحاري,I-DISORDER
عند,O
الاطفال,O
و,O
المراهقين,O
يتخلون,B-SYMPTOM
عن,I-SYMPTOM
بعض,I-SYMPTOM
الاشياء,I-SYMPTOM
المفضلة,I-SYMPTOM
لديهم,I-SYMPTOM
تكون,O
لديهم,O
تقلبات,B-SYMPTOM
شديدة,I-SYMPTOM
في,I-SYMPTOM
المزاج,I-SYMPTOM
يواجهون,O
صعوبة,B-SYMPTOM
في,I-SYMPTOM
النوم,I-SYMPTOM
ينكفئون,B-SYMPTOM
عن,I-SYMPTOM
العائلة,I-SYMPTOM
او,I-SYMPTOM
الاصدقاء,I-SYMPTOM
ينالون,O
علامات,O
متدنية,O
في,O
المدرسة,O
يقولون,O
اشياء,O
مثل,O
اتمني,O
لو,O
لم,O
اولد,O
الادخال,O
الي,O
المستشفي,O
احيانا,O
اتخاذ,O
احتياطات,O
للوقاية,O
من,O
المحاولات,O
المستقبلية,O
معالجة,B-TREATMENT
اي,I-TREATMENT
اضطراب,I-TREATMENT
يسهم,I-TREATMENT
في,I-TREATMENT
خطر,I-TREATMENT
الانتحار,I-TREATMENT
الاحالة,O
الي,O
طبيب,O
نفسي,O
و,O
العلاج,B-TREATMENT
النفسي,I-TREATMENT
اضطراب,B-DISORDER
قلق,I-DISORDER
الانفصال,I-DISORDER
كرب,B-SYMPTOM
شديد,I-SYMPTOM
عند,O
الانفصال,O
عن,O
المنزل,O
او,O
الاشخاص,O
المتعلق,O
ب,O
هم,O
مشاهد,O
درامية,O
اثناء,O
الوداع,O
تترافق,O
مع,O
نحيب,B-SYMPTOM
و,O
تضرع,B-SYMPTOM
قلق,B-SYMPTOM
مستمر,I-SYMPTOM
ب,O
شان,O
لم,O
الشمل,O
و,O
الخوف,B-SYMPTOM
من,I-SYMPTOM
فقدان,I-SYMPTOM
الوالد,I-SYMPTOM
ب,O
سبب,O
الخطف,O
او,O
المرض,O
الخوف,B-SYMPTOM
من,I-SYMPTOM
السفر,I-SYMPTOM
وحدهم,I-SYMPTOM
او,O
رفض,B-SYMPTOM
الذهاب,I-SYMPTOM
الي,I-SYMPTOM
المدرسة,I-SYMPTOM
او,I-SYMPTOM
زيارة,I-SYMPTOM
الاصدقاء,I-SYMPTOM
صعوبة,I-SYMPTOM
في,I-SYMPTOM
النوم,I-SYMPTOM
و,O
الاصرار,O
علي,O
بقاء,O
احد,O
الوالدين,O
حتي,O
الخلود,O
للنوم,O
اعراض,B-SYMPTOM
بدنية,I-SYMPTOM
مثل,O
الصداع,B-SYMPTOM
او,O
الم,B-SYMPTOM
المعدة,I-SYMPTOM
تعليم,O
الاباء,O
و,O
مقدمي,O
الرعاية,O
علي,O
اختصار,O
مشاهد,O
الوداع,O
قدر,O
الامكان,O
العلاج,B-TREATMENT
النفسي,I-TREATMENT
الفردي,I-TREATMENT
و,I-TREATMENT
العائلي,I-TREATMENT
تجنب,B-DISORDER
المدرسة,I-DISORDER
الشكوي,O
من,O
اعراض,B-SYMPTOM
معدية,I-SYMPTOM
او,O
غثيان,B-SYMPTOM
لتبرير,O
البقاء,O
في,O
المنزل,O
رفض,B-SYMPTOM
الذهاب,I-SYMPTOM
الي,I-SYMPTOM
المدرسة,I-SYMPTOM
ب,O
شكل,O
صريح,O
القلق,B-SYMPTOM
اثناء,I-SYMPTOM
التواجد,I-SYMPTOM
في,I-SYMPTOM
المدرسة,I-SYMPTOM
ظهور,O
اعراض,B-SYMPTOM
جسدية,I-SYMPTOM
خلال,O
اليوم,O
الدراسي,O
التردد,B-SYMPTOM
المتكرر,I-SYMPTOM
الي,I-SYMPTOM
عيادة,I-SYMPTOM
الممرضة,I-SYMPTOM
التواصل,O
مع,O
الطاقم,O
الاداري,O
في,O
المدرسة,O
تشجيع,O
الحضور,O
المنتظم,O
الي,O
المدرسة,O
المعالجة,B-TREATMENT
النفسية,I-TREATMENT
عند,O
الحاجة,O
اضطراب,B-DISORDER
نقص,I-DISORDER
الانتباه,I-DISORDER
و,I-DISORDER
فرط,I-DISORDER
النشاط,I-DISORDER
صعوبة,B-SYMPTOM
في,I-SYMPTOM
الانتباه,I-SYMPTOM
نشاط,B-SYMPTOM
بدني,I-SYMPTOM
مفرط,I-SYMPTOM
اندفاع,O
شديد,O
القيام,B-SYMPTOM
ب,I-SYMPTOM
اشياء,I-SYMPTOM
من,I-SYMPTOM
دون,I-SYMPTOM
تفكير,I-SYMPTOM
عدم,B-SYMPTOM
الاصغاء,I-SYMPTOM
عند,I-SYMPTOM
الحديث,I-SYMPTOM
عدم,B-SYMPTOM
اتباع,I-SYMPTOM
التعليمات,I-SYMPTOM
او,O
اكمال,O
المهام,O
سهولة,O
تشتت,B-SYMPTOM
الانتباه,I-SYMPTOM
فقدان,B-SYMPTOM
او,I-SYMPTOM
نسيان,I-SYMPTOM
الاشياء,I-SYMPTOM
تململ,B-SYMPTOM
اليدين,O
او,O
القدمين,O
الحديث,B-SYMPTOM
اكثر,I-SYMPTOM
من,I-SYMPTOM
المعتاد,I-SYMPTOM
صعوبة,B-SYMPTOM
في,I-SYMPTOM
انتظار,I-SYMPTOM
الدور,I-SYMPTOM
العلاج,B-TREATMENT
السلوكي,I-TREATMENT
لتحسين,O
الاداء,O
اليومي,O
الادوية,B-TREATMENT
عند,O
الحاجة,O
دعم,O
تعليمي,O
و,O
متابعة,O
مستمرة,O
اضطراب,B-DISORDER
طيف,I-DISORDER
التوحد,I-DISORDER
صعوبة,B-SYMPTOM
في,I-SYMPTOM
التواصل,I-SYMPTOM
الاجتماعي,I-SYMPTOM
و,O
التفاعل,O
مع,O
الاخرين,O
تاخر,B-SYMPTOM
في,I-SYMPTOM
اكتساب,I-SYMPTOM
اللغة,I-SYMPTOM
او,O
عدم,O
استخدامها,O
اهتمامات,O
محدودة,O
و,O
سلوكيات,B-SYMPTOM
متكررة,I-SYMPTOM
تجنب,B-SYMPTOM
التواصل,I-SYMPTOM
البصري,I-SYMPTOM
مقاومة,B-SYMPTOM
التغيير,I-SYMPTOM
و,O
التمسك,B-SYMPTOM
ب,I-SYMPTOM
الروتين,I-SYMPTOM
ردود,B-SYMPTOM
فعل,I-SYMPTOM
حسية,I-SYMPTOM
غير,I-SYMPTOM
معتادة,I-SYMPTOM
حساسية,B-SYMPTOM
مفرطة,I-SYMPTOM
او,O
استجابة,B-SYMPTOM
باهتة,I-SYMPTOM
العلاج,B-TREATMENT
السلوكي,I-TREATMENT
لتحسين,O
المهارات,O
الاجتماعية,O
التدخل,O
التعليمي,O
و,O
الدعم,O
في,O
المدرسة,O
العلاج,B-TREATMENT
اللغوي,I-TREATMENT
و,O
تحسين,O
مهارات,O
التواصل,O
العلاج,B-TREATMENT
الدوائي,I-TREATMENT
اذا,O
لزم,O
الامر,O
عسر,B-DISORDER
القراءة,I-DISORDER
يمكن,O
للاطفال,O
في,O
عمر,O
ما,O
قبل,O
المدرسة,O
الذين,O
يعانون,O
من,O
عسر,O
القراءة,O
ان,O
يواجهوا,O
ما,O
يلي,O
تاخرا,B-SYMPTOM
في,I-SYMPTOM
الكلام,I-SYMPTOM
صعوبة,B-SYMPTOM
في,I-SYMPTOM
نطق,I-SYMPTOM
الكلمات,I-SYMPTOM
مشاكل,B-SYMPTOM
ربط,I-SYMPTOM
الكلمات,I-SYMPTOM
صعوبة,B-SYMPTOM
تذكر,I-SYMPTOM
اسماء,I-SYMPTOM
الحروف,O
و,O
الارقام,O
و,O
الالوان,O
صعوبة,B-SYMPTOM
في,I-SYMPTOM
تدريبات,I-SYMPTOM
الاملاء,I-SYMPTOM
علي,O
الرغم,O
من,O
مهاراتهم,O
الاعتيادية,O
في,O
الحساب,O
و,O
الرياضيات,O
كثيرا,O
ما,O
يعاني,O
الاطفال,O
المصابون,O
ب,O
عسر,O
القراءة,O
من,O
صعوبة,B-SYMPTOM
في,I-SYMPTOM
مزج,I-SYMPTOM
الاصوات,I-SYMPTOM
و,O
ترديد,O
الكلمات,O
و,O
تحديد,O
مواضع,O
الاصوات,O
في,O
الكلمات,O
و,O
تقسيم,O
الكلمات,O
الي,O
اصوات,O
و,O
تحديد,O
عدد,O
الاصوات,O
ب,O
الكلمات,O
التاخر,B-SYMPTOM
او,I-SYMPTOM
التردد,I-SYMPTOM
في,I-SYMPTOM
اختيار,I-SYMPTOM
الكلمات,I-SYMPTOM
و,O
انتقال,O
كلمات,O
ب,O
ديلة,O
و,O
تسمية,O
الحروف,O
و,O
الصور,O
هي,O
جميعها,O
موشرات,O
مبكرة,O
علي,O
عسر,O
القراءة,O
تعد,O
مشاكل,B-SYMPTOM
الذاكرة,I-SYMPTOM
قصيرة,I-SYMPTOM
المدي,I-SYMPTOM
للاصوات,I-SYMPTOM
و,O
عدم,B-SYMPTOM
القدرة,I-SYMPTOM
علي,I-SYMPTOM
وضع,I-SYMPTOM
الاصوات,I-SYMPTOM
في,I-SYMPTOM
الترتيب,I-SYMPTOM
الصحيح,I-SYMPTOM
من,O
المشاكل,O
الشائعة,O
في,O
عسر,O
القراءة,O
كثيرا,O
ما,O
يخلط,O
الاطفال,O
المصابون,O
ب,O
عسر,O
القراءة,O
الحروف,O
و,O
الكلمات,O
ب,O
احرف,O
اخري,O
مماثلة,O
عكس,O
الاحرف,O
في,O
اثناء,O
الكتابة,O
مثل,O
درو,O
بدلا,O
من,O
و,O
رد,O
و,O
بدلا,O
من,O
و,O
الخلط,B-SYMPTOM
بين,I-SYMPTOM
الاحرف,I-SYMPTOM
مثل,O
ب,O
بدلا,O
من,O
ت,O
و,O
بدلا,O
من,O
و,O
بدلا,O
من,O
و,O
هكذا,O
و,O
لكن,O
هناك,O
العديد,O
من,O
الاطفال,O
الذين,O
لا,O
يعانون,O
من,O
عسر,O
القراءة,O
يعكسون,B-SYMPTOM
الاحرف,I-SYMPTOM
خلال,O
السنوات,O
الباكرة,O
في,O
المدرسة,O
الابتدائية,O
ان,O
افضل,O
طريقة,O
لعلاج,O
مشاكل,O
تمييز,O
الكلمات,O
هي,O
التدريب,B-TREATMENT
المباشر,I-TREATMENT
الذي,I-TREATMENT
يتضمن,I-TREATMENT
مقاربات,I-TREATMENT
تعتمد,I-TREATMENT
علي,I-TREATMENT
اكثر,I-TREATMENT
من,I-TREATMENT
حاسة,I-TREATMENT
يتضمن,O
هذا,O
النوع,O
من,O
العلاج,O
تعليم,B-TREATMENT
الصوتيات,I-TREATMENT
ب,O
استخدام,O
مجموعة,O
متنوعة,O
من,O
الاشارات,O
اما,O
ب,O
شكل,O
منفصل,O
او,O
كجزء,O
من,O
برنامج,O
القراءة,O
ان,O
كان,O
ذلك,O
ممكنا,O
الاعاقة,B-DISORDER
الذهنية,I-DISORDER
قد,O
يعاني,O
بعض,O
الاطفال,O
من,O
ذوي,O
الاعاقة,O
الذهنية,O
من,O
اضطرابات,O
و,O
اضحة,O
عند,O
الولادة,O
او,O
بعد,O
ذلك,O
ب,O
وقت,O
قصير,O
قد,O
تكون,O
هذه,O
الاضطرابات,B-SYMPTOM
جسدية,I-SYMPTOM
و,I-SYMPTOM
عصبية,I-SYMPTOM
و,O
قد,O
تشمل,O
ملامح,B-SYMPTOM
وجه,I-SYMPTOM
غير,I-SYMPTOM
طبيعية,I-SYMPTOM
و,O
راس,B-SYMPTOM
كبير,I-SYMPTOM
او,I-SYMPTOM
صغير,I-SYMPTOM
جدا,I-SYMPTOM
و,O
تشوهات,B-SYMPTOM
في,I-SYMPTOM
اليدين,I-SYMPTOM
او,I-SYMPTOM
القدمين,I-SYMPTOM
و,O
العديد,O
من,O
الشذوذات,O
الاخري,O
يكون,O
مظهر,O
الطفل,O
طبيعيا,O
من,O
الناحية,O
الظاهرية,O
في,O
بعض,O
الاحيان,O
و,O
لكن,O
تكون,O
لديه,O
علامات,O
اخري,O
لامراض,B-SYMPTOM
خطيرة,I-SYMPTOM
مثل,O
الاختلاجات,B-SYMPTOM
و,O
الخمول,B-SYMPTOM
و,O
التقيو,B-SYMPTOM
و,O
رائحة,B-SYMPTOM
البول,I-SYMPTOM
الشاذة,I-SYMPTOM
و,O
العجز,B-SYMPTOM
عن,I-SYMPTOM
التغذية,I-SYMPTOM
و,O
النمو,O
ب,O
شكل,O
طبيعي,O
خلال,O
سنتهم,O
الاولي,O
يواجه,O
العديد,O
من,O
الاطفال,O
الذين,O
يعانون,O
من,O
شكل,O
شديد,O
من,O
الاعاقة,O
الذهنية,O
تاخرا,B-SYMPTOM
في,I-SYMPTOM
تطور,I-SYMPTOM
المهارات,I-SYMPTOM
الحركية,I-SYMPTOM
و,O
يكونون,O
بطيئين,B-SYMPTOM
في,I-SYMPTOM
الزحف,I-SYMPTOM
و,I-SYMPTOM
الجلوس,I-SYMPTOM
و,I-SYMPTOM
الوقوف,I-SYMPTOM
كما,O
يمكن,O
ان,O
يضم,O
الفريق,O
اختصاصيين,O
اخرين,O
اذا,O
لزم,O
الامر,O
يقوم,O
اعضاء,O
الفريق,O
ب,O
التعاون,O
مع,O
عائلة,O
الطفل,O
ب,O
تطوير,B-TREATMENT
برنامج,I-TREATMENT
فردي,I-TREATMENT
شامل,I-TREATMENT
للطفل,O
فور,O
الاشتباه,O
ب,O
تشخيص,O
الاعاقة,O
الذهنية,O
لديه,O
ج,O
ذوو,O
الطفل,O
و,O
اخوته,O
ا,O
ادم,O
اط,O
و,O
ارات,O
النفسية,O
احيانا,O
يجب,O
ان,O
تكون,O
العائلة,O
ب,O
اكملها,O
جزءا,O
لا,O
يتجزا,O
من,O
البرنامج,O
نوبات,B-DISORDER
الغضب,I-DISORDER
عندما,O
يمر,O
الطفل,O
ب,O
نوبة,O
غضب,O
فقد,O
يقوم,O
ب,O
الصراخ,B-SYMPTOM
او,O
البكاء,B-SYMPTOM
او,O
التحرك,B-SYMPTOM
ب,I-SYMPTOM
عنف,I-SYMPTOM
او,O
الدحرجة,B-SYMPTOM
علي,O
الارض,O
او,O
القفز,B-SYMPTOM
او,O
رمي,B-SYMPTOM
الاشياء,I-SYMPTOM
يمكن,O
لبعض,O
السلوكيات,O
ان,O
تكون,O
خطيرة,O
و,O
ضارة,O
قد,O
يحمر,B-SYMPTOM
وجه,I-SYMPTOM
الطفل,I-SYMPTOM
و,O
يضرب,B-SYMPTOM
و,I-SYMPTOM
يركل,I-SYMPTOM
الاخرين,I-SYMPTOM
و,I-SYMPTOM
الاشياء,I-SYMPTOM
من,O
حوله,O
قد,O
يقوم,O
بعض,O
الاطفال,O
ب,O
حبس,B-SYMPTOM
انفاسهم,I-SYMPTOM
لفترة,O
و,O
جيزة,O
و,O
من,O
ثم,O
يتابعون,O
التنفس,O
ب,O
صورة,O
طبيعية,O
و,O
هي,O
ح,O
الة,O
مختلفة,O
عن,O
ح,O
الة,O
حبس,O
النفس,O
الطويل,O
تشتيت,B-TREATMENT
انتباه,I-TREATMENT
الطفل,I-TREATMENT
ابعاد,B-TREATMENT
الطفل,I-TREATMENT
عن,I-TREATMENT
المكان,I-TREATMENT
اضطراب,B-DISORDER
ما,I-DISORDER
بعد,I-DISORDER
الصدمة,I-DISORDER
او,I-DISORDER
الكرب,I-DISORDER
الاعراض,B-SYMPTOM
الاقتحامية,I-SYMPTOM
تجنب,B-SYMPTOM
اي,I-SYMPTOM
شيء,I-SYMPTOM
يذكرك,I-SYMPTOM
ب,I-SYMPTOM
الحدث,I-SYMPTOM
تاثيرات,B-SYMPTOM
سلبية,I-SYMPTOM
في,I-SYMPTOM
التفكير,I-SYMPTOM
و,I-SYMPTOM
المزاج,I-SYMPTOM
تغيرات,B-SYMPTOM
في,I-SYMPTOM
اليقظة,I-SYMPTOM
العلاج,B-TREATMENT
ب,I-TREATMENT
التعرض,I-TREATMENT
عندما,O
يطلب,O
المعالج,O
من,O
الشخص,O
تخيل,O
و,O
جوده,O
في,O
حالات,O
تذكره,O
ب,O
حدث,O
مزعج,O
جدا,O
او,O
تذكر,O
ب,O
الحدث,O
علي,O
سبيل,O
المثال,O
قد,O
يطلب,O
المعالجون,O
من,O
الشخص,O
تخيل,O
و,O
جوده,O
في,O
المتنزه,O
الذي,O
تعرض,O
فيه,O
للهجوم,O
و,O
يتحدثون,O
عن,O
الحدث,O
الذي,O
يتخيله,O
ب,O
حيث,O
يشعر,O
الشخص,O
ب,O
الامان,O
و,O
الهدوء,O
مع,O
مرور,O
الوقت,O
يساعد,O
هذا,O
الامر,O
الكثير,O
من,O
الاشخاص,O
علي,O
الشعور,O
ب,O
التحسن,O
دواء,B-TREATMENT
مضاد,I-TREATMENT
للاكتئاب,I-TREATMENT
مثل,O
مثبطات,B-TREATMENT
استرداد,I-TREATMENT
السيروتونين,I-TREATMENT
الانتقائية,I-TREATMENT
دواء,B-TREATMENT
يمكن,I-TREATMENT
ان,I-TREATMENT
يساعدك,I-TREATMENT
علي,I-TREATMENT
تجنب,I-TREATMENT
الكوابيس,I-TREATMENT
اضطراب,B-DISORDER
تبدد,I-DISORDER
الشخصية,I-DISORDER
و,I-DISORDER
تبدد,I-DISORDER
المحيط,I-DISORDER
قد,O
تبدا,O
اعراض,O
اضطراب,O
تبدد,O
الشخصية,O
تبدد,O
المحيط,O
تدريجيا,O
او,O
فجاة,O
و,O
قد,O
تستمر,O
العوارض,O
لساعات,O
او,O
ايام,O
فقط,O
او,O
لاسابيع,O
او,O
شهور,O
او,O
سنوات,O
و,O
يمكن,O
ان,O
تنطوي,O
النوبات,B-SYMPTOM
علي,O
تبدد,O
الشخصية,O
او,O
تبدد,O
المحيط,O
او,O
كليهما,O
و,O
تتناوب,O
شدة,O
الاعراض,O
في,O
كثير,O
من,O
الاحيان,O
ما,O
بين,O
زيادة,O
و,O
نقصان,O
و,O
لكن,O
عندما,O
يكون,O
الاضطراب,O
شديدا,O
قد,O
تكون,O
الاعراض,O
موجودة,O
و,O
تبقي,O
ب,O
نفس,O
الشدة,O
لسنوات,O
او,O
حتي,O
عقود,O
تنطوي,O
اعراض,O
تبدد,O
الشخصية,O
علي,O
الشعور,B-SYMPTOM
ب,I-SYMPTOM
الانفصال,I-SYMPTOM
عن,I-SYMPTOM
جسد,I-SYMPTOM
الفرد,I-SYMPTOM
او,I-SYMPTOM
عقله,I-SYMPTOM
او,I-SYMPTOM
مشاعره,I-SYMPTOM
او,I-SYMPTOM
احاسيسه,I-SYMPTOM
كما,O
قد,O
يقول,O
المرضي,O
ايضا,O
انهم,O
يشعرون,B-SYMPTOM
ب,I-SYMPTOM
انهم,I-SYMPTOM
غير,I-SYMPTOM
واقعيين,I-SYMPTOM
او,O
ب,O
ما,O
يشبه,O
الالة,O
مع,O
عدم,B-SYMPTOM
السيطرة,I-SYMPTOM
علي,I-SYMPTOM
ما,I-SYMPTOM
يفعلون,I-SYMPTOM
او,I-SYMPTOM
يقولون,I-SYMPTOM
و,O
قد,O
يشعرون,B-SYMPTOM
ب,I-SYMPTOM
الخدر,I-SYMPTOM
النفسي,I-SYMPTOM
او,I-SYMPTOM
الجسدي,I-SYMPTOM
و,O
مثل,O
هولاء,O
الاشخاص,O
قد,O
يصفون,O
انفسهم,O
ب,O
صفة,O
مراقب,O
الخارجي,O
لحياتهم,O
الخاصة,O
او,O
ب,O
الميت,O
الذي,O
يمشي,O
اما,O
اعراض,O
تبدد,O
المحيط,O
فتنطوي,O
علي,O
الشعور,B-SYMPTOM
ب,I-SYMPTOM
الانفصال,I-SYMPTOM
عن,I-SYMPTOM
الاشياء,I-SYMPTOM
المحيطة,I-SYMPTOM
الناس,O
الاشياء,O
او,O
كل,O
شيء,O
و,O
التي,O
تبدو,O
غير,O
و,O
اقعية,O
كما,O
قد,O
يشعر,B-SYMPTOM
المرضي,I-SYMPTOM
و,I-SYMPTOM
كانهم,I-SYMPTOM
في,I-SYMPTOM
حلم,I-SYMPTOM
او,I-SYMPTOM
في,I-SYMPTOM
ضباب,I-SYMPTOM
او,O
كما,O
لو,O
ان,O
جدارا,O
زجاجيا,O
او,O
حجابا,O
يفصل,O
ب,O
ينهم,O
و,O
بين,O
محيطهم,O
و,O
يبدو,O
العالم,O
ب,O
لا,O
حياة,O
او,O
ب,O
لا,O
لون,O
او,O
اصطناعيا,O
كما,O
قد,O
يبدو,O
العالم,O
مشوها,O
لهم,O
فعلي,O
سبيل,O
المثال,O
قد,O
تظهر,B-SYMPTOM
الاشياء,I-SYMPTOM
ضبابية,I-SYMPTOM
او,O
واضحة,O
ب,O
شكل,O
غير,O
مالوف,O
او,O
قد,O
تبدو,O
مسطحة,O
او,O
اصغر,O
او,O
اكبر,O
مما,O
هي,O
عليه,O
و,O
يمكن,O
ان,O
تبدو,B-SYMPTOM
الاصوات,I-SYMPTOM
اعلي,I-SYMPTOM
او,I-SYMPTOM
الين,I-SYMPTOM
مما,O
هي,O
عليه,O
و,O
قد,O
يبدو,O
الوقت,O
يسير,O
بطيئا,O
جدا,O
او,O
سريعا,O
جدا,O
و,O
تسبب,O
الاعراض,O
انزعاجا,O
كبيرا,O
ب,O
شكل,O
دائم,O
تقريبا,O
و,O
يجد,O
بعض,O
الاشخاص,O
انهم,O
لا,B-SYMPTOM
يطيقون,I-SYMPTOM
انفسهم,I-SYMPTOM
و,O
يكون,O
القلق,B-SYMPTOM
و,O
الاكتئاب,B-SYMPTOM
شائعين,O
يخاف,O
كثير,O
من,O
الاشخاص,O
من,O
ان,O
تكون,O
الاعراض,O
ناجمة,O
عن,O
ضرر,O
في,O
الدماغ,O
لا,O
رجعة,O
فيه,O
كما,O
يشعر,O
كثيرون,O
منهم,O
ب,O
القلق,B-SYMPTOM
حول,I-SYMPTOM
ما,I-SYMPTOM
اذا,I-SYMPTOM
كانوا,I-SYMPTOM
موجودين,I-SYMPTOM
ب,I-SYMPTOM
الفعل,I-SYMPTOM
او,O
يتحققون,O
مرارا,O
و,O
تكرارا,O
لتحديد,O
ما,O
اذا,O
كانت,O
تصوراتهم,O
حقيقية,O
يمكن,O
ان,O
تجعل,O
الشدة,O
و,O
تفاقم,O
الاكتئاب,B-SYMPTOM
او,O
القلق,B-SYMPTOM
و,O
المحيطات,O
الجديدة,O
او,O
مفرطة,O
التنبيه,O
و,O
قلة,B-SYMPTOM
النوم,I-SYMPTOM
الاعراض,O
اسوا,O
و,O
غالبا,O
ما,O
تكون,O
الاعراض,O
مستمرة,O
قد,O
يكون,O
لدي,O
الاشخاص,O
اعراض,O
طوال,O
الوقت,O
او,O
قد,O
تاتي,O
الاعراض,O
و,O
تختفي,O
لفترات,O
اخري,O
لا,O
تظهر,O
فيها,O
اعراض,O
و,O
غالبا,O
ما,O
يجد,O
الاشخاص,O
صعوبة,B-SYMPTOM
كبيرة,I-SYMPTOM
في,I-SYMPTOM
وصف,I-SYMPTOM
اعراضهم,I-SYMPTOM
و,O
ربما,O
يخشون,O
او,O
يعتقدون,B-SYMPTOM
انهم,I-SYMPTOM
في,I-SYMPTOM
طريقهم,I-SYMPTOM
الي,I-SYMPTOM
الجنون,I-SYMPTOM
و,O
لكن,O
يبقي,O
الاشخاص,O
دائما,O
علي,O
علم,O
ب,O
ان,O
تجاربهم,O
الانفصالية,O
ليست,O
حقيقية,O
بل,O
هي,O
مجرد,O
وسيلة,O
للتعبير,O
عما,O
يشعرون,O
و,O
هذا,O
الوعي,O
هو,O
ما,O
يفصل,O
بين,O
اضطراب,O
تبدد,O
الشخصية,O
تبدد,O
المحيط,O
و,O
الاضطراب,O
الذهاني,O
الاشخاص,O
الذين,O
يعانون,O
من,O
اضطراب,O
ذهاني,O
مثل,O
الفصام,O
او,O
لديهم,B-SYMPTOM
افكار,I-SYMPTOM
لا,I-SYMPTOM
تتفق,I-SYMPTOM
مع,I-SYMPTOM
الواقع,I-SYMPTOM
و,O
لكنهم,O
لا,O
يدركون,O
انها,O
مختلفة,O
عن,O
الافكار,O
المعتادة,O
المعالجة,B-TREATMENT
النفسية,I-TREATMENT
الادوية,B-TREATMENT
المضادة,I-TREATMENT
للقلق,I-TREATMENT
و,I-TREATMENT
الاكتئاب,I-TREATMENT
احيانا,O
اضطرابات,B-DISORDER
التاقلم,I-DISORDER
تبدا,O
اعراض,O
اضطراب,O
التاقلم,O
عادة,O
بعد,O
فترة,O
قصيرة,O
من,O
الحدث,O
المكرب,O
و,O
لا,O
تستمر,O
لاكثر,O
من,O
اشهر,O
بعد,O
توقف,O
الصدمة,O
هناك,O
العديد,O
من,O
مظاهر,O
اضطراب,O
التاقلم,O
ب,O
ما,O
في,O
ذلك,O
المظاهر,O
الشائعة,O
التي,O
تشتمل,O
علي,O
اكتئاب,B-SYMPTOM
المزاج,I-SYMPTOM
القلق,B-SYMPTOM
سوء,B-SYMPTOM
التصرف,I-SYMPTOM
يظهر,O
لدي,O
معظم,O
الاشخاص,O
مزيج,O
من,O
هذه,O
الاعراض,O
و,O
لكن,O
قد,O
يعاني,O
ب,O
عضهم,O
من,O
عرض,O
واحد,O
بارز,O
ب,O
شكل,O
خاص,O
فقط,O
مثل,O
الشعور,O
ب,O
التوتر,I-SYMPTOM
و,O
عصبية,I-SYMPTOM
المزاج,I-SYMPTOM
عقب,O
الاعتداء,O
الجسدي,O
كما,O
ان,O
هناك,O
زيادة,O
في,O
خطر,O
محاولات,B-SYMPTOM
الانتحار,I-SYMPTOM
و,O
حالات,O
الانتحار,O
الكاملة,O
العناية,B-TREATMENT
الذاتية,I-TREATMENT
المعالجة,B-TREATMENT
النفسية,I-TREATMENT
الادوية,B-TREATMENT
احيانا,O
لمع,O
الجة,O
اعراض,O
معينة,O
اضطراب,B-DISORDER
الشخصية,I-DISORDER
النرجسية,I-DISORDER
اضطراب,O
الشخصية,O
النرجسية,O
هو,O
نمط,O
من,O
الشعور,B-SYMPTOM
ب,I-SYMPTOM
التفوق,I-SYMPTOM
علي,I-SYMPTOM
الاخرين,I-SYMPTOM
و,O
الحاجة,B-SYMPTOM
الي,I-SYMPTOM
نيل,I-SYMPTOM
اعجابهم,I-SYMPTOM
و,O
افتقار,O
التعاطف,O
معهم,O
يتصف,O
الاشخاص,O
المصابون,O
ب,O
اضطراب,O
الشخصية,O
النرجسية,O
ب,O
ما,O
يلي,O
الاعتقاد,B-SYMPTOM
ب,I-SYMPTOM
انهم,I-SYMPTOM
اكثر,I-SYMPTOM
اهمية,I-SYMPTOM
و,O
تميزا,O
من,O
الاخرين,O
المبالغة,B-SYMPTOM
في,I-SYMPTOM
تقدير,I-SYMPTOM
الانجازات,I-SYMPTOM
الشخصية,I-SYMPTOM
و,O
التقليل,B-SYMPTOM
من,I-SYMPTOM
شان,I-SYMPTOM
انجازات,I-SYMPTOM
الاخرين,I-SYMPTOM
الحساسية,B-SYMPTOM
الشديدة,I-SYMPTOM
لاي,I-SYMPTOM
فشل,I-SYMPTOM
او,I-SYMPTOM
انتقاد,I-SYMPTOM
ما,O
قد,O
يسبب,O
لهم,O
الغضب,B-SYMPTOM
او,O
الاكتئاب,B-SYMPTOM
توهم,B-SYMPTOM
الذكاء,I-SYMPTOM
الحاد,I-SYMPTOM
او,I-SYMPTOM
الجمال,I-SYMPTOM
الفائق,I-SYMPTOM
او,O
الاهمية,O
الكبيرة,O
استغلال,B-SYMPTOM
الاخرين,I-SYMPTOM
الحاجة,B-SYMPTOM
الي,I-SYMPTOM
الثناء,I-SYMPTOM
المستمر,I-SYMPTOM
من,O
الاخرين,O
حسد,B-SYMPTOM
الاخرين,O
كما,O
انهم,O
كثيرا,O
ما,O
يعتقدون,B-SYMPTOM
ان,I-SYMPTOM
الاخرين,I-SYMPTOM
يحسدونهم,I-SYMPTOM
يحدث,O
اضطراب,O
الشخصية,O
النرجسية,O
ب,O
شكل,O
اكبر,O
عند,O
الرجال,O
كما,O
قد,O
يعانون,O
من,O
الاكتئاب,B-SYMPTOM
و,O
فقدان,B-SYMPTOM
الشهية,I-SYMPTOM
و,O
مشاكل,O
الادمان,B-SYMPTOM
علي,O
المخدرات,O
او,O
الكحول,O
و,O
اضطرابات,B-SYMPTOM
شخصية,I-SYMPTOM
اخري,I-SYMPTOM
يفخر,O
الكثير,O
من,O
الناس,O
ب,O
انجازاتهم,O
و,O
يحب,O
كل,O
شخص,O
تقريبا,O
ان,O
يمدح,O
و,O
يكره,B-SYMPTOM
ان,I-SYMPTOM
توجه,I-SYMPTOM
اليه,I-SYMPTOM
الانتقادات,I-SYMPTOM
و,O
لكن,O
هذه,O
الصفات,O
تصبح,O
اضطرابا,O
عندما,O
يغضب,B-SYMPTOM
الشخص,O
او,O
ينزعج,B-SYMPTOM
لعدم,I-SYMPTOM
تلقي,I-SYMPTOM
الثناء,I-SYMPTOM
المستمر,I-SYMPTOM
او,O
عندما,O
يفضي,O
عدم,O
تحمله,O
للانتقاد,O
وحاجته,O
الي,O
الحط,O
من,O
شان,O
الاخرين,O
الي,O
حدوث,O
مشاكل,O
في,O
العمل,O
او,O
العلاقات,O
مع,O
الناس,O
يعالج,O
الاطباء,O
اضطراب,O
الشخصية,O
النرجسية,O
ب,O
استخدام,O
العلاج,B-TREATMENT
النفسي,I-TREATMENT
اضطراب,B-DISORDER
الشخصية,I-DISORDER
المعادية,I-DISORDER
للمجتمع,I-DISORDER
التحرش,B-SYMPTOM
ب,I-SYMPTOM
الاخرين,I-SYMPTOM
او,O
تخريب,B-SYMPTOM
ممتلكاتهم,I-SYMPTOM
او,O
خرق,B-SYMPTOM
القانون,I-SYMPTOM
الكذب,B-SYMPTOM
استغلال,I-SYMPTOM
الاخرين,I-SYMPTOM
للحصول,O
علي,O
ما,O
يريدون,O
عدم,B-SYMPTOM
التعاطف,I-SYMPTOM
مع,I-SYMPTOM
الاخرين,I-SYMPTOM
تجاهل,B-SYMPTOM
حقوق,I-SYMPTOM
و,I-SYMPTOM
مشاعر,I-SYMPTOM
الاخرين,I-SYMPTOM
اختلاق,B-SYMPTOM
الاعذار,I-SYMPTOM
لتبرير,I-SYMPTOM
سلوكياتهم,I-SYMPTOM
القاء,B-SYMPTOM
اللوم,I-SYMPTOM
فيها,I-SYMPTOM
علي,I-SYMPTOM
الاخرين,I-SYMPTOM
التصرف,O
ب,O
شكل,O
عدواني,B-SYMPTOM
او,O
غير,B-SYMPTOM
مسوول,I-SYMPTOM
علي,O
سبيل,O
المثال,O
الاستقالة,O
من,O
العمل,O
ب,O
شكل,O
مفاجئ,O
الامتناع,O
عن,O
دفع,O
الفواتير,O
عدم,B-SYMPTOM
الشعور,I-SYMPTOM
ب,I-SYMPTOM
الاسف,I-SYMPTOM
لما,I-SYMPTOM
فعلوه,I-SYMPTOM
الادمان,B-SYMPTOM
علي,O
المخدرات,O
او,O
الكحول,O
العلاج,B-TREATMENT
السلوكي,I-TREATMENT
المعرفي,I-TREATMENT
الادوية,B-TREATMENT
اضطراب,B-DISORDER
الهوية,I-DISORDER
التفارقي,I-DISORDER
ثغرات,B-SYMPTOM
في,I-SYMPTOM
الذاكرة,I-SYMPTOM
للاحداث,I-SYMPTOM
الشخصية,I-SYMPTOM
الماضية,I-SYMPTOM
علي,O
سبيل,O
المثال,O
قد,O
لا,B-SYMPTOM
يتذكر,I-SYMPTOM
الاشخاص,I-SYMPTOM
فترات,I-SYMPTOM
زمنية,I-SYMPTOM
معينة,I-SYMPTOM
خلال,O
مرحلة,O
الطفولة,O
او,O
المراهقة,O
هفوات,B-SYMPTOM
في,I-SYMPTOM
الذاكرة,I-SYMPTOM
للاحداث,O
اليومية,O
الحالية,O
و,O
المهارات,O
المكتسبة,O
جيدا,O
علي,O
سبيل,O
المثال,O
قد,O
ينسي,O
الاشخاص,O
موقتا,O
كيفية,O
استخدام,O
الكمبيوتر,O
اكتشاف,O
الادلة,O
علي,O
الاشياء,O
التي,O
قاموا,O
ب,O
ها,O
و,O
لكن,O
ليس,O
لديهم,O
ذاكرة,O
حول,O
القيام,O
ب,O
ها,O
فعلا,O
الرعاية,B-TREATMENT
الداعمة,I-TREATMENT
الادوية,B-TREATMENT
حسب,O
الحاجة,O
للاعراض,O
المرتبطة,O
ب,O
ها,O
المعالجة,B-TREATMENT
النفسية,I-TREATMENT
التخيل,B-TREATMENT
الموجه,I-TREATMENT
و,I-TREATMENT
التنويم,I-TREATMENT
احيانا,O
الاضطراب,B-DISORDER
الاجتراري,I-DISORDER
يستفرغ,B-SYMPTOM
مرضي,I-SYMPTOM
هذا,I-SYMPTOM
الاضطراب,I-SYMPTOM
الطعام,I-SYMPTOM
بعد,I-SYMPTOM
تناوله,I-SYMPTOM
ب,I-SYMPTOM
شكل,I-SYMPTOM
متكرر,I-SYMPTOM
و,O
ذلك,O
كل,O
يوم,O
عادة,O
و,O
لكن,O
لا,O
يكون,O
لديهم,O
غثيان,O
و,O
لا,O
يتهوعون,O
لااراديا,O
قد,O
يقومون,B-SYMPTOM
ب,I-SYMPTOM
اعادة,I-SYMPTOM
مضغ,I-SYMPTOM
الطعام,I-SYMPTOM
المستفرغ,I-SYMPTOM
ثم,I-SYMPTOM
بصقه,I-SYMPTOM
او,I-SYMPTOM
اعادة,I-SYMPTOM
بلعه,I-SYMPTOM
مجددا,I-SYMPTOM
قد,O
تكون,O
طرائق,B-TREATMENT
تعديل,I-TREATMENT
السلوك,I-TREATMENT
ب,O
ما,O
في,O
ذلك,O
تلك,O
التي,O
تنطوي,O
علي,O
معالجات,O
تستخدم,O
استراتيجيات,O
العلاج,B-TREATMENT
السلوكي,I-TREATMENT
المعرفي,I-TREATMENT
مفيدة,O
اضطراب,B-DISORDER
الشخصية,I-DISORDER
التجنبي,I-DISORDER
قد,O
يرفضون,B-SYMPTOM
الدعاية,I-SYMPTOM
لانهم,O
يخشون,O
ان,O
يقوم,O
زملاء,O
العمل,O
ب,O
انتقادهم,O
و,O
قد,O
يتجنبون,B-SYMPTOM
الاجتماعات,I-SYMPTOM
كما,O
قد,O
يتجنبون,B-SYMPTOM
تكوين,I-SYMPTOM
صداقات,I-SYMPTOM
جديدة,I-SYMPTOM
ما,O
لم,O
يكونوا,O
متاكدين,O
من,O
انهم,O
سيحبونها,O
المعالجة,B-TREATMENT
السلوكية,I-TREATMENT
المعرفية,I-TREATMENT
التي,O
تركز,O
علي,O
المهارات,O
الاجتماعية,O
انواع,O
اخري,O
من,O
العلاج,B-TREATMENT
النفسي,I-TREATMENT
الادوية,B-TREATMENT
المضادة,I-TREATMENT
للقلق,I-TREATMENT
و,I-TREATMENT
الاكتئاب,I-TREATMENT
اضطراب,B-DISORDER
الشخصية,I-DISORDER
الاتكالية,I-DISORDER
الخوف,B-SYMPTOM
من,I-SYMPTOM
عدم,I-SYMPTOM
قدرتهم,I-SYMPTOM
علي,I-SYMPTOM
الاعتناء,I-SYMPTOM
ب,I-SYMPTOM
انفسهم,I-SYMPTOM
الخوف,I-SYMPTOM
من,I-SYMPTOM
ان,I-SYMPTOM
يتعرضوا,I-SYMPTOM
للهجر,I-SYMPTOM
اظهار,B-SYMPTOM
الخضوع,I-SYMPTOM
و,I-SYMPTOM
الحاجة,I-SYMPTOM
حتي,O
يرغب,O
الاخرون,O
في,O
تقديم,O
الرعاية,O
لهم,O
الافتقار,B-SYMPTOM
الي,I-SYMPTOM
الثقة,I-SYMPTOM
الحاجة,O
الي,O
الكثير,O
من,O
الطمانة,O
طلب,O
المشورة,O
من,O
الاخرين,O
حتي,O
في,O
اتخاذ,O
القرارات,O
البسيطة,O
افساح,B-SYMPTOM
المجال,I-SYMPTOM
للاخرين,I-SYMPTOM
لاتخاذ,I-SYMPTOM
القرارات,I-SYMPTOM
المتعلقة,I-SYMPTOM
ب,I-SYMPTOM
هم,I-SYMPTOM
مثل,O
سوال,O
ازواجهم,O
عما,O
يجب,O
ارتداوه,O
و,O
ما,O
هي,O
الوظيفة,O
الافضل,O
للاختيار,O
و,O
الاصدقاء,O
الذين,O
ينبغي,O
مصاحبتهم,O
افساح,B-SYMPTOM
المجال,I-SYMPTOM
للاخرين,I-SYMPTOM
لاستغلالهم,I-SYMPTOM
مثل,O
الموافقة,O
علي,O
القيام,O
ب,O
مهام,O
غير,O
مريحة,O
ب,O
النسبة,O
لهم,O
تحمل,B-SYMPTOM
الاعتداء,I-SYMPTOM
الجسدي,I-SYMPTOM
او,I-SYMPTOM
العاطفي,I-SYMPTOM
او,I-SYMPTOM
الجنسي,I-SYMPTOM
خوفا,I-SYMPTOM
من,I-SYMPTOM
فقدان,I-SYMPTOM
الدعم,I-SYMPTOM
من,I-SYMPTOM
المعتدي,I-SYMPTOM
صعوبة,B-SYMPTOM
ابداء,I-SYMPTOM
الاختلاف,I-SYMPTOM
مع,O
الاخرين,O
حتي,O
عندما,O
يكون,O
الراي,O
سديدا,O
صعوبة,O
ب,O
دء,O
مشاريع,O
شخصية,O
او,O
العمل,O
ب,O
شكل,O
مستقل,O
و,O
لكن,O
عند,O
الاطمئنان,O
الي,O
وجود,O
شخص,O
ما,O
يقدم,O
الدعم,O
فغ,O
البا,O
ما,O
يودون,O
و,O
ظائفهم,O
ب,O
شكل,O
جيد,O
العلاج,B-TREATMENT
النفسي,I-TREATMENT
اضطراب,B-DISORDER
الشخصية,I-DISORDER
الزوراني,I-DISORDER
غالبا,O
ما,O
يعتقد,O
المصابون,O
ب,O
اضطراب,O
الشخصية,O
الزوراني,O
ان,O
الاخرين,O
قد,O
تسببوا,O
في,O
اصابتهم,O
ب,O
شكل,O
كبير,O
لا,O
رجعة,O
فيه,O
و,O
هم,O
يتحرون,B-SYMPTOM
عن,I-SYMPTOM
الشتائم,I-SYMPTOM
و,I-SYMPTOM
الشوائب,I-SYMPTOM
و,I-SYMPTOM
التهديدات,I-SYMPTOM
و,I-SYMPTOM
الخيانة,I-SYMPTOM
المحتملة,I-SYMPTOM
و,O
يبحثون,B-SYMPTOM
عن,I-SYMPTOM
معان,I-SYMPTOM
خفية,I-SYMPTOM
في,O
الملاحظات,O
و,O
الافعال,O
و,O
يقومون,B-SYMPTOM
ب,I-SYMPTOM
التدقيق,I-SYMPTOM
في,I-SYMPTOM
الاخرين,I-SYMPTOM
عن,O
كثب,O
بحثا,O
عن,O
ادلة,O
تدعم,O
شكوكهم,O
فعلي,O
سبيل,O
المثال,O
قد,O
يسيئون,B-SYMPTOM
تفسير,I-SYMPTOM
عرض,I-SYMPTOM
للمساعدة,I-SYMPTOM
علي,O
انه,O
يعني,O
انهم,O
غير,O
قادرين,O
علي,O
القيام,O
ب,O
المهمة,O
من,O
تلقاء,O
انفسهم,O
و,O
اذا,O
اعتقدوا,O
ب,O
انهم,O
تعرضوا,O
للاهانة,O
او,O
الاصابة,O
ب,O
اي,O
شكل,O
من,O
الاشكال,O
فانهم,O
لا,B-SYMPTOM
يسامحون,I-SYMPTOM
الشخص,O
الذي,O
اصابهم,O
و,O
يميلون,O
الي,O
الهجوم,O
المضاد,O
يصبحون,O
غاضبين,B-SYMPTOM
استجابة,O
لهذه,O
الاصابات,O
المتصورة,O
و,O
لانهم,O
لا,B-SYMPTOM
يثقون,I-SYMPTOM
في,I-SYMPTOM
الاخرين,I-SYMPTOM
يشعرون,B-SYMPTOM
ب,I-SYMPTOM
الحاجة,I-SYMPTOM
الي,I-SYMPTOM
الاكتفاء,I-SYMPTOM
الذاتي,I-SYMPTOM
السيطرة,O
العلاج,B-TREATMENT
السلوكي,I-TREATMENT
المعرفي,I-TREATMENT
الادوية,B-TREATMENT
في,O
بعض,O
الاحيان,O
اضطراب,B-DISORDER
الشخصية,I-DISORDER
التمثيلي,I-DISORDER
يتمتعون,O
ب,O
الحيوية,B-SYMPTOM
و,O
الحماس,B-SYMPTOM
و,O
الجاذبية,B-SYMPTOM
و,O
التعبير,B-SYMPTOM
عن,I-SYMPTOM
الاعجاب,I-SYMPTOM
يبحثون,B-SYMPTOM
عن,I-SYMPTOM
جلب,I-SYMPTOM
الانتباه,I-SYMPTOM
و,O
يصابون,O
ب,O
الاكتئاب,B-SYMPTOM
عند,O
عدم,O
الحصول,O
عليه,O
ارتداء,O
ملابس,O
مثيرة,O
او,O
غير,O
مناسبة,O
للعمل,O
او,O
المدرسة,O
لجذب,O
الانتباه,O
تتبدل,B-SYMPTOM
انفعالاتهم,I-SYMPTOM
ب,I-SYMPTOM
شكل,I-SYMPTOM
سريع,I-SYMPTOM
و,I-SYMPTOM
يعبرون,I-SYMPTOM
عنها,I-SYMPTOM
ب,I-SYMPTOM
شكل,I-SYMPTOM
درامي,I-SYMPTOM
يتاثرون,B-SYMPTOM
ب,I-SYMPTOM
الاخرين,I-SYMPTOM
ب,O
سهولة,O
صعوبة,B-SYMPTOM
في,I-SYMPTOM
تكوين,I-SYMPTOM
صداقات,I-SYMPTOM
مقربة,O
حب,B-SYMPTOM
الاثارة,I-SYMPTOM
و,O
كل,O
ما,O
هو,O
جديد,O
و,O
الشعور,B-SYMPTOM
السريع,I-SYMPTOM
ب,I-SYMPTOM
الضجر,I-SYMPTOM
لذلك,O
فقد,O
يغيرون,O
و,O
ظائفهم,O
و,O
اصدقاءهم,O
كثيرا,O
يعالج,O
الاطباء,O
اضطراب,O
الشخصية,O
التمثيلي,O
ب,O
استخدام,O
العلاج,B-TREATMENT
النفسي,I-TREATMENT
اضطراب,B-DISORDER
الشخصية,I-DISORDER
الفصامي,I-DISORDER
النمط,I-DISORDER
لا,O
يكون,O
لدي,O
مرضي,O
اضطراب,O
الشخصية,O
الفصامي,O
النمط,O
اصدقاء,O
مقربون,O
او,O
موثوقون,O
ب,O
استثناء,O
الاقارب,O
من,O
الدرجة,O
الاولي,O
و,O
يكونون,O
منزعجين,O
جدا,O
من,O
العلاقة,O
مع,O
الاخرين,O
يفضل,O
الاشخاص,O
الذين,O
يعانون,O
من,O
هذا,O
الاضطراب,O
عدم,O
التفاعل,O
مع,O
الناس,O
لانهم,O
يشعرون,B-SYMPTOM
انهم,I-SYMPTOM
مختلفون,I-SYMPTOM
عنهم,O
و,O
لا,O
ينتمون,O
اليهم,O
و,O
لكنهم,O
قد,O
يقولون,O
ان,O
افتقارهم,O
للعلاقات,O
يجعلهم,O
غير,B-SYMPTOM
سعيدين,I-SYMPTOM
و,O
يكونون,O
قلقين,B-SYMPTOM
جدا,I-SYMPTOM
في,I-SYMPTOM
المواقف,I-SYMPTOM
الاجتماعية,I-SYMPTOM
لاسيما,O
غير,O
المالوفة,O
لا,O
يودي,O
قضاء,O
المزيد,O
من,O
الوقت,O
في,O
المواقف,O
الي,O
تخفيف,O
قلقهم,O
قد,O
يتجاهل,O
الذين,O
يعانون,O
من,O
هذا,O
الاضطراب,O
التقاليد,O
الاجتماعية,O
العادية,O
علي,O
سبيل,O
المثال,O
تجنب,B-SYMPTOM
التواصل,I-SYMPTOM
البصري,I-SYMPTOM
و,O
لانهم,O
لا,B-SYMPTOM
يفهمون,I-SYMPTOM
الاشارات,I-SYMPTOM
الاجتماعية,I-SYMPTOM
المعتادة,I-SYMPTOM
فقد,O
يتفاعلون,B-SYMPTOM
مع,I-SYMPTOM
الاخرين,I-SYMPTOM
ب,I-SYMPTOM
شكل,I-SYMPTOM
غير,I-SYMPTOM
لائق,I-SYMPTOM
او,O
خشن,O
الادوية,B-TREATMENT
المضادة,I-TREATMENT
للذهان,I-TREATMENT
و,O
مضادات,B-TREATMENT
الاكتئاب,I-TREATMENT
العلاج,B-TREATMENT
السلوكي,I-TREATMENT
المعرفي,I-TREATMENT
الفصام,B-DISORDER
عند,O
الاطفال,O
و,O
المراهقين,O
كما,O
هي,O
الحال,O
ب,O
النسبة,O
الي,O
البالغين,O
المصابين,O
ب,O
الفصام,O
يميل,O
الاطفال,O
و,O
المراهقون,O
المصابون,O
ب,O
الفصام,O
الي,O
ان,O
يعانوا,O
من,O
هلاوس,B-SYMPTOM
توهمات,B-SYMPTOM
اعتقادات,B-SYMPTOM
خاطئة,I-SYMPTOM
تنطوي,O
عادة,O
علي,O
سوء,O
تفسير,O
التصورات,O
او,O
التجارب,O
زور,B-SYMPTOM
جنون,B-SYMPTOM
الارتياب,I-SYMPTOM
حيث,O
يخشون,O
غالبا,O
من,O
ان,O
الاخرين,O
يخططون,O
ل,O
الحاق,O
الاذي,O
ب,O
هم,O
او,O
انهم,O
يسيطرون,O
علي,O
افكارهم,O
ب,O
النسبة,O
الي,O
الاطفال,O
تميل,O
الاعراض,O
الي,O
ان,O
تبدا,O
ب,O
شكل,O
تدريجي,O
و,O
تصبح,O
اكثر,O
شدة,O
ب,O
المقارنة,O
مع,O
المراهقين,O
او,O
البالغين,O
كما,O
يكون,O
التفكير,O
اكثر,O
ميلا,O
الي,O
ان,O
يصبح,O
ضعيفا,O
ايضا,O
قد,O
ينسحب,O
المراهقون,O
و,O
يبدوون,O
ب,O
اظهار,B-SYMPTOM
انفعالات,I-SYMPTOM
غير,I-SYMPTOM
مالوفة,I-SYMPTOM
و,O
يعانون,O
من,O
الهلاوس,B-SYMPTOM
و,O
التوهمات,B-SYMPTOM
و,O
الزور,B-SYMPTOM
الادوية,B-TREATMENT
المضادة,I-TREATMENT
للذهان,I-TREATMENT
التدريب,O
علي,O
المهارات,O
الاجتماعية,O
و,O
التاهيل,O
المهني,O
و,O
الدعم,B-TREATMENT
النفسي,I-TREATMENT
و,I-TREATMENT
التعليمي,I-TREATMENT
اضطراب,B-DISORDER
الهلع,I-DISORDER
عند,O
الاطفال,O
و,O
المراهقين,O
يشعر,O
الاطفال,O
في,O
اثناء,O
نوبة,O
الهلع,O
ب,O
قلق,B-SYMPTOM
شديد,I-SYMPTOM
مما,O
يسبب,O
اعراضا,B-SYMPTOM
بدنية,I-SYMPTOM
حيث,O
ينبض,B-SYMPTOM
القلب,I-SYMPTOM
ب,I-SYMPTOM
سرعة,I-SYMPTOM
و,O
قد,O
يحدث,O
تعرق,B-SYMPTOM
شديد,I-SYMPTOM
و,O
شعور,O
ب,O
ضيق,B-SYMPTOM
النفس,I-SYMPTOM
كما,O
قد,O
يشعرون,O
ب,O
الم,B-SYMPTOM
في,I-SYMPTOM
الصدر,I-SYMPTOM
او,O
ب,O
الدوخة,B-SYMPTOM
او,O
الغثيان,B-SYMPTOM
او,O
الخدر,B-SYMPTOM
قد,O
يشعر,O
الاطفال,O
كما,O
لو,O
انهم,O
يقضون,O
نحبهم,O
يدخلون,B-SYMPTOM
في,I-SYMPTOM
حالة,I-SYMPTOM
من,I-SYMPTOM
الجنون,I-SYMPTOM
و,O
قد,O
تبدو,B-SYMPTOM
الاشياء,I-SYMPTOM
غير,I-SYMPTOM
حقيقية,I-SYMPTOM
ب,I-SYMPTOM
النسبة,I-SYMPTOM
اليهم,I-SYMPTOM
قد,O
تكون,O
هناك,O
مب,O
الغة,O
في,O
الاعراض,O
عند,O
الاطفال,O
تنطوي,O
علي,O
صراخ,B-SYMPTOM
او,O
نواح,B-SYMPTOM
او,O
لهاث,B-SYMPTOM
و,O
ذلك,O
ب,O
المقارنة,O
مع,O
البالغين,O
قد,O
يشعر,O
الاطفال,O
ب,O
القلق,B-SYMPTOM
حول,O
تعرضهم,O
الي,O
نوبات,B-SYMPTOM
اخري,O
توثر,O
نوبات,B-SYMPTOM
الهلع,I-SYMPTOM
و,O
الهموم,O
التي,O
تترافق,O
معها,O
في,O
العلاقات,O
و,O
الواجبات,O
المدرسية,O
ب,O
النسبة,O
الي,O
اضطرابات,O
الهلع,O
تحدث,O
من,O
تلقاء,O
نفسها,O
عادة,O
اي,O
من,O
دون,O
محرض,O
نوعي,O
و,O
لكن,O
مع,O
مرور,O
الزمن,O
يبدا,O
الاطفال,O
ب,O
تجنب,O
المواقف,O
التي,O
يربطونها,O
ب,O
النوبات,O
يمكن,O
ان,O
يودي,O
هذا,O
التجنب,O
الي,O
رهاب,O
الميادين,O
مما,O
يجعل,O
الاطفال,O
يرفضون,B-SYMPTOM
الذهاب,I-SYMPTOM
الي,I-SYMPTOM
المدرسة,I-SYMPTOM
او,I-SYMPTOM
زيارة,I-SYMPTOM
المركز,I-SYMPTOM
التجاري,I-SYMPTOM
او,O
القيام,O
ب,O
نشاطات,O
نموذجية,O
اخري,O
يتفاقم,O
اضطراب,O
الهلع,O
و,O
يقل,O
غالبا,O
من,O
دون,O
سبب,O
و,O
اضح,O
و,O
قد,O
تختفي,O
الاعراض,O
من,O
تلقاء,O
ذاتها,O
ثم,O
تتكرر,O
بعد,O
سنوات,O
لاحقة,O
و,O
لكن,O
مع,O
المعالجة,O
تتحسن,O
حالات,O
معظم,O
الاطفال,O
الذين,O
يعانون,O
من,O
اضطراب,O
الهلع,O
في,O
بعض,O
الاحيان,O
عندما,O
لا,O
تجري,O
معالجة,O
اضطراب,O
الهلع,O
يترك,O
المراهقون,O
الدراسة,O
وينسحبون,O
من,O
المجتمع,O
ويصبحون,O
انطوائيين,B-SYMPTOM
و,O
انتحاريين,B-SYMPTOM
الادوية,B-TREATMENT
العلاج,I-TREATMENT
السلوكي,I-TREATMENT
عادة,O
تكون,O
توليفة,O
من,O
الادوية,B-TREATMENT
و,O
العلاج,B-TREATMENT
السلوكي,I-TREATMENT
فعالة,O
في,O
معالجة,O
اضطراب,O
الهلع,O
عادة,O
ب,O
النسبة,O
الي,O
بعض,O
الاطفال,O
تكون,O
هناك,O
حاجة,O
متكررة,O
الي,O
ادوية,B-TREATMENT
لضبط,O
نوبات,O
الهلع,O
قبل,O
ان,O
يمكن,O
البدء,O
ب,O
العلاج,B-TREATMENT
السلوكي,I-TREATMENT
البنزوديازيبينات,B-TREATMENT
هي,O
الادوية,B-TREATMENT
الاكثر,O
فعالية,O
و,O
لكن,O
يفضل,O
الاطباء,O
غالبا,O
نوعا,O
من,O
مضادات,B-TREATMENT
الاكتئاب,I-TREATMENT
يسمي,O
مثبطات,B-TREATMENT
استرداد,I-TREATMENT
السيروتونين,I-TREATMENT
الانتقائية,I-TREATMENT
و,O
ذلك,O
لان,O
البنزوديازيبينات,B-TREATMENT
تسبب,O
النعاس,O
التهدئة,O
و,O
قد,O
توثر,O
في,O
التعلم,O
و,O
الذاكرة,O
و,O
قد,O
تسبب,O
الاعتماد,O
عليها,O